streamer,title,url,views,duration,created_at,category
Terracid,La trahison du patron,https://www.twitch.tv/terracid/clip/InterestingCogentOpossumNotATK-FO8Tst-rQ8XXVQhZ,442,60,2025-05-29T22:04:24Z,Minecraft
Terracid,Fou-rire avec Anyme qui essaie de rentrer derrière le comptoir,https://www.twitch.tv/terracid/clip/HelplessSaltyGoldfishLitFam-uMk6Lmkpa9ctT4r5,321,25.4,2025-05-29T22:26:29Z,Minecraft
Hctuan,ca explose,https://www.twitch.tv/hctuan/clip/DifferentDarlingLardBlargNaut-zfYmLpD3g5rsXpBI,293,41.6,2025-05-29T21:11:55Z,Minecraft
Terracid,Pas discret le Anyme,https://www.twitch.tv/terracid/clip/TubularGleamingReubenDansGame-jqxOc5VN6SlVNGtK,259,24.3,2025-05-29T23:05:26Z,Minecraft
Terracid,LA TEAM CLAQUETTE,https://www.twitch.tv/terracid/clip/ArbitraryIcyClipzPicoMause-EVA4dXfTcqC9WBpM,215,46.5,2025-05-29T20:56:27Z,Minecraft
Terracid,Le pire braqueur,https://www.twitch.tv/terracid/clip/TacitPopularBorkDxCat-ItsUCLfuXSq-fZo8,183,43.3,2025-05-29T22:21:54Z,Minecraft
Terracid,La fin du duo Wankil,https://www.twitch.tv/terracid/clip/CaringHyperPigeonCoolStoryBob-QMroeDrqpfAYivy6,173,49.9,2025-05-29T23:21:53Z,Minecraft
Terracid,Ça part en cacahouète,https://www.twitch.tv/terracid/clip/MotionlessArborealPuffinAMPEnergyCherry-jv9W5DH5rsd8r7yA,144,50.8,2025-05-29T21:18:20Z,Minecraft
Raffale_,"""le clebard sur le noir """,https://www.twitch.tv/raffale_/clip/FlirtyBetterOrangeDancingBaby-xsZCcB_OrLK1o7yr,141,44.6,2025-05-29T22:35:19Z,Minecraft
Terracid,Il parie son clébard,https://www.twitch.tv/terracid/clip/RelentlessSuccessfulOilCorgiDerp-EFaNti4ybvsi5Pxl,131,60,2025-05-29T22:36:18Z,Minecraft
Terracid,Bah alors Hctuan,https://www.twitch.tv/terracid/clip/TacitEasyCormorantBlargNaut-ISkZqBU-qxwzJUHQ,117,27.7,2025-05-29T20:40:22Z,Minecraft
Terracid,L'œuf ou la poule...,https://www.twitch.tv/terracid/clip/HedonisticObliviousJalapenoRedCoat-aY00vjL5B_N3oVEZ,105,13.3,2025-05-29T22:08:39Z,Minecraft
Raffale_,bye bye ari,https://www.twitch.tv/raffale_/clip/InnocentAverageCiderYee-4PJyQhBM-nbzW58V,105,30,2025-05-29T22:34:41Z,Minecraft
Mastu,A cause Sam ils perdent les crazycoins,https://www.twitch.tv/mastu/clip/VainLittleMarrowPupper-2TvvdMCzD74baxwH,99,30,2025-05-29T21:06:49Z,Minecraft
Terracid,on est en subathon,https://www.twitch.tv/terracid/clip/MildBoldDiamondFrankerZ-8s71VFcUsgaXVUYv,89,31.9,2025-05-29T22:13:27Z,Minecraft
Terracid,Anyme est fou part 154485415618,https://www.twitch.tv/terracid/clip/GloriousIntelligentArmadilloRaccAttack-_XJTkU5s1727T9Ms,87,34.5,2025-05-29T22:47:31Z,Minecraft
Terracid,Racketté par la team claquette,https://www.twitch.tv/terracid/clip/SparklyNaiveBeePeoplesChamp-1RRqpygqbn-zQWCJ,87,60,2025-05-29T20:56:46Z,Minecraft
Terracid,"""Anniversaire surprise"" pour Xonsah",https://www.twitch.tv/terracid/clip/MagnificentFaithfulNuggets4Head-nT2srYwj1HKH5Soo,85,56.8,2025-05-29T21:35:40Z,Minecraft
Anyme023,on arrete de faire semblant quand ?,https://www.twitch.tv/anyme023/clip/AcceptableDrabCoyoteNomNom-KYY-LxUnduFlLnUE,83,60,2025-05-30T11:45:39Z,Minecraft
Terracid,J'étais là à l'époque,https://www.twitch.tv/terracid/clip/HumbleFantasticStorkCclamChamp-AtvYvsiuafMqRBrX,79,56.8,2025-05-29T22:50:34Z,Minecraft
Terracid,JE MISE TON CLEBARD,https://www.twitch.tv/terracid/clip/ToughObeseEmuKlappa-ywwanCmyayuMJP0H,79,6.9,2025-05-29T23:25:43Z,Minecraft
Mastu,mdr,https://www.twitch.tv/mastu/clip/OptimisticModernClipsdadChocolateRain-MitmdCNcZyySvZ1H,77,21.3,2025-05-29T20:52:05Z,Minecraft
Raffale_,pauvre + le chien de terra,https://www.twitch.tv/raffale_/clip/SingleFreezingFungusKlappa-sbsNRK3Awgjg40Ta,75,30,2025-05-29T22:41:59Z,Minecraft
Terracid,Rafale la mise,https://www.twitch.tv/terracid/clip/UglyFlirtyConsoleItsBoshyTime-y5BiPnd8RxuWj6jp,63,60,2025-05-29T22:38:04Z,Minecraft
Anyme023,danse anyme,https://www.twitch.tv/anyme023/clip/NimbleDeafCheddarTF2John-U2TiimnUvs_2i_6i,55,24.9,2025-05-30T10:46:01Z,Just Chatting
Hctuan,incr,https://www.twitch.tv/hctuan/clip/ExuberantAltruisticWaffleYouWHY-nsOzCAA7IR7R4aox,49,60,2025-05-29T23:37:15Z,Minecraft
Terracid,200€,https://www.twitch.tv/terracid/clip/WimpyFastButterFrankerZ-3zF22bDvGmGhi-rq,47,30,2025-05-29T20:43:19Z,Minecraft
xonsah,mission impossible,https://www.twitch.tv/xonsah/clip/ArtsyPowerfulAlligatorYouWHY-ECxNXFSW8gk4QXy6,45,60,2025-05-29T21:20:04Z,Minecraft
Mastu,Quand t'es pas prêt pour la paternité 🧟‍♂️👶🔥😂,https://www.twitch.tv/mastu/clip/StrangeWittyWebTebowing-d2l6AgMJnXYQk-CO,43,45.1,2025-05-29T21:12:37Z,Minecraft
Hctuan,team flopette,https://www.twitch.tv/hctuan/clip/IntelligentAggressiveHummingbirdJKanStyle-3zvRbwn-KtsRUqZT,41,60,2025-05-29T21:02:44Z,Minecraft
Anyme023,egk,https://www.twitch.tv/anyme023/clip/CooperativeRoundDiscTheTarFu-1Us6RY3kB3hKsxPf,39,60,2025-05-30T09:48:16Z,Just Chatting
xonsah,anyme,https://www.twitch.tv/xonsah/clip/CrispyAmazingWrenOSkomodo-d_cSTl1wFXWUajQu,39,30,2025-05-29T22:43:22Z,Minecraft
Mastu,pauvre Sam il test la cage,https://www.twitch.tv/mastu/clip/HandsomeBlatantManateeMVGame-ptpQHgLrbci55SPD,39,41.4,2025-05-29T20:39:31Z,Minecraft
Raffale_,MISSION CRAZY-SPIES CE SOIR !!! 🦸‍♀️ + OUVERTURE RESTAURANT !!  -🚨 CRAZYTOWN 3 🚨 !video,https://www.twitch.tv/raffale_/clip/SpotlessVainBaboonPeoplesChamp-N9CHgnI_V5qB4xKe,39,30,2025-05-29T23:18:26Z,Minecraft
xonsah,rk,https://www.twitch.tv/xonsah/clip/SpinelessSuspiciousScorpionFUNgineer-dRakPGyuaZN-8mIE,33,30,2025-05-29T23:20:23Z,Minecraft
Mastu,SFSD,https://www.twitch.tv/mastu/clip/MuddyShortMosquitoDeIlluminati-JXyVMacnUbX4_04b,33,60,2025-05-29T20:45:34Z,Minecraft
xonsah,voleur express,https://www.twitch.tv/xonsah/clip/FrigidBombasticPeafowlDancingBaby-n3MKwNDbkXXK7PQP,29,29,2025-05-29T21:20:06Z,Minecraft
Raffale_,J'ai dormi que 2h30... MAIS BON... GO CHILL CRAZYTOWN ! 😍 -🚨 !video,https://www.twitch.tv/raffale_/clip/SmilingSleepyMacaroniCopyThis-UE-MZm9agpzFbJ-y,29,30,2025-05-30T17:13:28Z,Minecraft
Anyme023,anyme,https://www.twitch.tv/anyme023/clip/SassySavageGoblinMikeHogu-VHzZsobRy_Qow0Zv,28,33.3,2025-05-30T12:37:07Z,Just Chatting
Anyme023,braquage,https://www.twitch.tv/anyme023/clip/TenaciousGloriousMushroomPhilosoraptor-KkWUCqeFfa8Xhk5e,26,30,2025-05-30T13:35:45Z,Minecraft
xonsah,Le flop ultime,https://www.twitch.tv/xonsah/clip/AcceptableHonorableButterGrammarKing-XLDv_ZfvAtphd4_K,25,48.5,2025-05-29T21:39:08Z,Minecraft
Mastu,claquettes,https://www.twitch.tv/mastu/clip/BlindingEmpathicPeafowlTakeNRG-g3AlpoHmLfs5ufrs,21,30,2025-05-29T20:52:35Z,Minecraft
Anyme023,CRAZYTOWN CE SOIIIIR,https://www.twitch.tv/anyme023/clip/ExquisiteAffluentNightingaleKeepo-VC41hB3K8QaByPuE,19,30.6,2025-05-30T11:07:41Z,Just Chatting
Anyme023,ANYME PYROMANE,https://www.twitch.tv/anyme023/clip/BrainySilkyWormItsBoshyTime-NYpWbOtgz0Ak3cKq,19,25,2025-05-30T08:25:25Z,Minecraft
xonsah,oo,https://www.twitch.tv/xonsah/clip/ImportantAmazonianElephantPRChase-R7LBqARB7_lmMC_Y,19,30,2025-05-29T22:06:53Z,Minecraft
xonsah,anyme,https://www.twitch.tv/xonsah/clip/ViscousTastyHedgehogRickroll-GLfuSpZV-wN9tNzK,19,30,2025-05-29T22:25:27Z,Minecraft
Mastu,samouss,https://www.twitch.tv/mastu/clip/DelightfulRepletePrariedogPlanking-Zsi3WqQe5kzVKVsu,19,30,2025-05-29T20:33:03Z,Minecraft
Mastu,echecev,https://www.twitch.tv/mastu/clip/SpicyWimpyBadgerShazBotstix-16lNsgNp-LektU0-,19,50.9,2025-05-29T20:49:53Z,Minecraft
Hctuan,gg,https://www.twitch.tv/hctuan/clip/InterestingTrappedClamKippa-S6QCVRl1NQbsfKV-,19,60,2025-05-29T22:13:48Z,Minecraft
Hctuan,Il faut toujours un boulet dans un groupe...,https://www.twitch.tv/hctuan/clip/ArtsyUnsightlySnoodKappaWealth-2H_Un_P47uFfJ5pD,19,21.5,2025-05-29T20:32:07Z,Minecraft
Hctuan,"Laink quitte Winkil, Terra rachète ses parts",https://www.twitch.tv/hctuan/clip/WimpySplendidNightingalePanicVis-so9qBr6asRfZShg2,19,60,2025-05-29T23:21:46Z,Minecraft
Raffale_,#AdicteEtPauvre,https://www.twitch.tv/raffale_/clip/EmpathicColdbloodedShrewEleGiggle-WpwLjzApXOKZLMHF,19,30,2025-05-30T18:32:43Z,Minecraft
Zafeel,zaf le toilette,https://www.twitch.tv/zafeel/clip/SassyVibrantGalagoKappaRoss-B29a42L_Ae79HbTS,18,40.4,2025-05-30T20:25:29Z,Minecraft
Anyme023,Règlement de compte sur Crazy Town,https://www.twitch.tv/anyme023/clip/PlacidAcceptableRamenKeyboardCat-KzgWC6G_d7RoHvxJ,17,34.1,2025-05-30T12:20:32Z,Minecraft
Anyme023,mdr,https://www.twitch.tv/anyme023/clip/ProtectiveTransparentAniseMoreCowbell-u89OaWzWSVxTeDlY,15,30,2025-05-30T13:38:42Z,Minecraft
Mastu,Pour voir ce que j’ai loupe,https://www.twitch.tv/mastu/clip/ViscousWildLapwingGrammarKing-bFIlSrTM0yzuFpOB,15,30,2025-05-29T20:53:24Z,Minecraft
Zafeel,en pleine scène,https://www.twitch.tv/zafeel/clip/ObesePlumpAdminLitty-34_HJiqIZ1fHg2mP,15,15.2,2025-05-30T19:22:48Z,Minecraft
Raffale_,les nouveaux chien de raff,https://www.twitch.tv/raffale_/clip/FancyTolerantUdonUnSane-pSWwQ8NVbEOMoc5F,15,39.8,2025-05-30T19:20:04Z,Minecraft
Anyme023,chicken musique,https://www.twitch.tv/anyme023/clip/OutstandingPlacidFriseeMau5-FQK1Ng-fumUXsKD5,13,60,2025-05-30T08:57:39Z,Minecraft
xonsah,.,https://www.twitch.tv/xonsah/clip/StupidGleamingGoldfishCoolStoryBro-abLL1P0KU8tTJMiU,13,60,2025-05-29T20:35:16Z,Minecraft
xonsah,alicante sous chicha,https://www.twitch.tv/xonsah/clip/EvilJollyAlfalfaAMPEnergyCherry-e44fdJmuVbU1NQbu,13,30,2025-05-29T21:49:40Z,Minecraft
xonsah,kuyyu,https://www.twitch.tv/xonsah/clip/CorrectProductiveTigerTwitchRPG-lLGQ0JIYBKlL-LUJ,13,19.9,2025-05-29T23:39:44Z,Minecraft
xonsah,.,https://www.twitch.tv/xonsah/clip/ArborealWimpyLionSuperVinlin-M5sbOlMftD2WHzRt,13,30,2025-05-29T20:32:53Z,Minecraft
xonsah,mdr,https://www.twitch.tv/xonsah/clip/SucculentComfortableLEDFrankerZ-RZsuGJZv17LGxW4h,13,30,2025-05-29T22:43:39Z,Minecraft
xonsah,ll,https://www.twitch.tv/xonsah/clip/SmokyTameEelTBCheesePull-zmzOksQPAX8m-PNi,13,30,2025-05-29T22:33:39Z,Minecraft
Mastu,???,https://www.twitch.tv/mastu/clip/BlatantJollyDumplingsPicoMause-a3u1apoxSqAFg8xY,13,23.9,2025-05-29T21:19:21Z,Minecraft
Zafeel,Ari mon gros chien,https://www.twitch.tv/zafeel/clip/FancySpikyApeBabyRage-5lDfIUYAeXvqwsrJ,13,38.9,2025-05-30T19:19:51Z,Minecraft
Michou,clliiip,https://www.twitch.tv/michou/clip/SplendidBovineRedpandaEagleEye-0PsbXs1gt294Fknn,13,28.5,2025-05-30T19:25:05Z,Minecraft
Raffale_,LA MASTERCLAAAASS,https://www.twitch.tv/raffale_/clip/SeductiveAnimatedHumanCharlieBitMe-LGCxFHKpuLkQPRtA,13,30,2025-05-29T21:24:08Z,Minecraft
RASKA_yt,CRAZYTOWN : ouverture officielle du RASKRISPY !,https://www.twitch.tv/raska_yt/clip/PricklyAdorableGrouseDerp-7eEQniIng6ABj2We,13,29.7,2025-05-29T20:56:59Z,Minecraft
Anyme023,fds,https://www.twitch.tv/anyme023/clip/HonestPlainShallotDxCat-Yy7whqIKw5uOjmw6,11,51.4,2025-05-30T09:50:45Z,Just Chatting
Anyme023,AHHAHAHAHA,https://www.twitch.tv/anyme023/clip/SneakyCoyMooseDxCat-vFjNdKHk9zYeAmIo,11,30,2025-05-30T13:45:49Z,Just Chatting
Anyme023,FN,https://www.twitch.tv/anyme023/clip/HorribleSilkyWitchItsBoshyTime-WH-svvxG_POmwvve,11,11.9,2025-05-30T10:44:01Z,Just Chatting
xonsah,gfnfg,https://www.twitch.tv/xonsah/clip/ShortFunnyZebraDuDudu-aBTkikg1NfKvCRqJ,11,60,2025-05-29T23:38:13Z,Minecraft
xonsah,dark,https://www.twitch.tv/xonsah/clip/EnticingUnsightlyWrenchPJSugar-fgU8m9zd3gInrafa,11,30,2025-05-29T20:52:01Z,Minecraft
xonsah,.,https://www.twitch.tv/xonsah/clip/EnjoyablePricklyLegDogFace-iC7DgTtuou79akDP,11,30,2025-05-29T20:33:02Z,Minecraft
Kaatsup,Anyme tuer par Byilhannn,https://www.twitch.tv/kaatsup/clip/HonorableBlindingLasagnaTTours-ki2QSoslf91K5V4K,11,39.4,2025-05-29T21:37:29Z,Minecraft
Mastu,mdrrr,https://www.twitch.tv/mastu/clip/ShakingNeighborlyChamoisOSfrog-immnANWNWKdWPFnp,11,60,2025-05-29T21:30:59Z,Minecraft
Mastu,team claquette,https://www.twitch.tv/mastu/clip/ExquisiteIncredulousCougarNerfRedBlaster-Z2wpYMq2Ilv00ny-,11,30,2025-05-29T20:51:46Z,Minecraft
Hctuan,la carte gold n°1,https://www.twitch.tv/hctuan/clip/HonorableKathishJellyfishTooSpicy-7fqrH7Fjvi5BY8aq,11,30,2025-05-29T23:38:08Z,Minecraft
Hctuan,samouss qui se fait course et tue par un bebezombie en plein rp mdrr,https://www.twitch.tv/hctuan/clip/AntsyHorribleRutabagaKlappa-xJIBm9hQ_W2qqJES,11,29.1,2025-05-29T21:03:11Z,Minecraft
Zafeel,ya plein de chiens,https://www.twitch.tv/zafeel/clip/SmoggyPlacidHamsterGingerPower-1b6-0OlIOqG8bTSB,11,23.5,2025-05-30T19:20:20Z,Minecraft
Raffale_,rp irl y a quoi,https://www.twitch.tv/raffale_/clip/ThoughtfulBlazingArmadillo4Head-8aubJYeybokQj7M5,11,30,2025-05-30T19:29:21Z,Minecraft
RASKA_yt,RASKA EST UN GENIE !!!,https://www.twitch.tv/raska_yt/clip/MoralDullSangPeoplesChamp-kXDtt2UjfXsO6hPx,11,60,2025-05-29T21:51:31Z,Minecraft
Anyme023,donuts,https://www.twitch.tv/anyme023/clip/AbrasiveBovineSmoothieKreygasm-vP4Lr8S_LtIazuEZ,9,30,2025-05-30T19:49:16Z,Just Chatting
Anyme023,8996,https://www.twitch.tv/anyme023/clip/AbnegateSwissGarageStoneLightning-hksbpQC5G7HmgXyg,9,14.8,2025-05-30T17:17:33Z,Just Chatting
Anyme023,danse anyme,https://www.twitch.tv/anyme023/clip/AssiduousBusyOryxEagleEye-28xGgSia8d1hSweX,9,13.7,2025-05-30T10:45:01Z,Just Chatting
Mastu,miaou,https://www.twitch.tv/mastu/clip/CloudyPolishedGrasshopperShadyLulu-ZXg3K2qE1xWhFGzT,9,30,2025-05-29T21:04:01Z,Minecraft
Mastu,Team claquée,https://www.twitch.tv/mastu/clip/ObservantUglySowDatSheffy-cCImPeSaqp6SG8wE,9,30,2025-05-29T21:06:24Z,Minecraft
Mastu,NOUVEAUTÉS SUR CRAZYTOWN !!,https://www.twitch.tv/mastu/clip/TiredIntelligentDunlinKappa-Os12FUo6JDB3XO_f,9,28,2025-05-29T20:35:06Z,Minecraft
Mastu,samous le patron🫦,https://www.twitch.tv/mastu/clip/ZanySilkyZebraPraiseIt-MZIbdGH5i2DINMmt,9,30,2025-05-29T21:04:28Z,Minecraft
Zafeel,casino,https://www.twitch.tv/zafeel/clip/JazzyArbitraryRabbitDogFace-vrOybRA1e3HTMNCj,9,23.4,2025-05-30T14:43:04Z,Minecraft
Zafeel,Super transformation,https://www.twitch.tv/zafeel/clip/AstutePoliteAlmondArsonNoSexy-pZ0utD360EBhH5qI,9,30,2025-05-30T19:13:27Z,Minecraft
Michou,dark michou,https://www.twitch.tv/michou/clip/AmorphousAmericanWebDancingBaby-026suos9U-Qm7Kjy,9,59.9,2025-05-30T19:02:38Z,Minecraft
Raffale_,rp mendient,https://www.twitch.tv/raffale_/clip/FairFriendlyStingrayPipeHype-FPh6xqbGMxsbgEmb,9,30,2025-05-30T18:55:08Z,Minecraft
Raffale_,qu'est ce que je regarde ? xDD,https://www.twitch.tv/raffale_/clip/HandsomeColdbloodedChickenAMPTropPunch-zTYW-LDf0nvAEMFc,9,37.1,2025-05-30T19:22:29Z,Minecraft
Anyme023,bah gros,https://www.twitch.tv/anyme023/clip/HungryPleasantCroissantWutFace-QO_sR99vY1UEDFFI,7,30,2025-05-30T20:14:22Z,Just Chatting
Anyme023,changement d’ambiance,https://www.twitch.tv/anyme023/clip/AcceptableHelplessWrenchVoteYea-rt59qcKY4jZfmWJr,7,45.5,2025-05-30T20:10:12Z,Just Chatting
Anyme023,le don,https://www.twitch.tv/anyme023/clip/HedonisticSmoothScallionLitty-lfjr-DxET5gZxD9c,7,9.4,2025-05-30T19:54:43Z,Just Chatting
Kaatsup,voleur demasqué,https://www.twitch.tv/kaatsup/clip/AbnegateStrangeBaconUnSane-pvwUieut2fVBDp8q,7,60,2025-05-29T21:51:36Z,Minecraft
Zafeel,Les gros muscles,https://www.twitch.tv/zafeel/clip/NeighborlySplendidChimpanzeeAMPEnergyCherry-TP4RyLCktTw61A3T,7,60,2025-05-30T19:14:21Z,Minecraft
Zafeel,le fou du casino,https://www.twitch.tv/zafeel/clip/PlausibleGracefulPuppyPunchTrees-aQgNI56-fuxTH_Yy,7,32.8,2025-05-30T19:08:57Z,Minecraft
Michou,IRL c'est mieux,https://www.twitch.tv/michou/clip/MildLongEggArsonNoSexy-R5mMC6WcgxHyfhDr,7,30.4,2025-05-30T19:27:41Z,Minecraft
Raffale_,les nouveaux chiens de Raffale (supercherie 🧐?),https://www.twitch.tv/raffale_/clip/WealthyLovelyJackalKlappa-feymyNIAftJ-6jB5,7,36.1,2025-05-30T19:20:54Z,Minecraft
Raffale_,J'ai dormi que 2h30... MAIS BON... GO CHILL CRAZYTOWN ! 😍 -🚨 !video,https://www.twitch.tv/raffale_/clip/DeafPoorEggnogDoubleRainbow-4dZ9Ewyblx34CJHV,7,30,2025-05-30T19:21:41Z,Minecraft
Raffale_,""" Zookez nous la gueule """,https://www.twitch.tv/raffale_/clip/ProductiveCleanSpindleBlargNaut-utbHbDFeB000nX0i,7,31.3,2025-05-29T20:52:00Z,Minecraft
FoxieFern,Après-midi chill - On avance sur le modèle animé d'Isolde sur Live 2D ! Crazy Town ensuite,https://www.twitch.tv/foxiefern/clip/RamshackleLittleBorkPhilosoraptor-nhwir40RJ_FqgnXt,7,30,2025-05-30T13:48:24Z,Art
RASKA_yt,anyme pris en flagment de delire,https://www.twitch.tv/raska_yt/clip/PrettiestDignifiedWatercressBuddhaBar-6lIH-fW4ov1vs2hB,7,30,2025-05-30T15:31:32Z,Minecraft
byilhann,byilhan pet,https://www.twitch.tv/byilhann/clip/ThoughtfulCuteYakWTRuck-QICx09T10-rKd7gp,5,7,2025-05-29T21:25:49Z,Just Chatting
byilhann,ml,https://www.twitch.tv/byilhann/clip/ArbitrarySeductiveRaisinThunBeast-43lj9IcsdFt9v20H,5,60,2025-05-29T22:01:23Z,Minecraft
Hctuan,Je regarde quoi la ???!,https://www.twitch.tv/hctuan/clip/NurturingConcernedGoatFeelsBadMan-p1nL4-Z6CGx9Vr1u,5,30,2025-05-30T19:21:58Z,Minecraft
Hctuan,Thomas fait le chien,https://www.twitch.tv/hctuan/clip/MoistHelplessCasetteMoreCowbell-fhZu4op_Y890biIB,5,30,2025-05-30T19:19:06Z,Minecraft
Hctuan,le flop,https://www.twitch.tv/hctuan/clip/WealthyOpenGrasshopperPeteZarollTie-RtDXzz95tXsQ09UW,5,49.8,2025-05-29T20:50:59Z,Minecraft
Hctuan,c'est bgrace,https://www.twitch.tv/hctuan/clip/SarcasticDeliciousRaisinImGlitch-xyKprus6TfpaVscS,5,55,2025-05-29T21:13:53Z,Minecraft
Hctuan,team claquette,https://www.twitch.tv/hctuan/clip/SeductiveNimbleSaladTBTacoLeft-pvuPTI7xfc2Cbkag,5,30,2025-05-29T21:16:33Z,Minecraft
Hctuan,cli 2,https://www.twitch.tv/hctuan/clip/AcceptableCuriousZebraBrainSlug-BceYTvJJ1bunnmgT,5,56.3,2025-05-29T23:36:43Z,Minecraft
Zafeel,rp prout,https://www.twitch.tv/zafeel/clip/ShakingCrazyTitanLitFam-4K1XIK-B5t9-ptOm,5,25.3,2025-05-30T18:59:49Z,Minecraft
Zafeel,ouaf ouaf.,https://www.twitch.tv/zafeel/clip/VictoriousUgliestDoveUncleNox-nbcvAkA1OeCK8bP9,5,22.1,2025-05-30T19:21:27Z,Minecraft
Michou,les gens vannent michou,https://www.twitch.tv/michou/clip/ObedientBrainyWalletBCWarrior-yi8wuuehpOYSAdtR,5,30,2025-05-30T19:30:52Z,Minecraft
Michou,j'ai fait 2h de sieste je suis en forme !! (Crazy Town RP),https://www.twitch.tv/michou/clip/ReliableBombasticHorseANELE-76rU7hSA3NheDR_q,5,25.8,2025-05-30T19:04:00Z,Minecraft
Michou,yooooooooooooooooo,https://www.twitch.tv/michou/clip/LivelyDependableCamelYouWHY-d6VNqeSG_0P9h3F1,5,30,2025-05-30T18:51:03Z,Minecraft
Michou,vahcke,https://www.twitch.tv/michou/clip/WimpyBillowingPeppermintOSfrog--wUuF1-NWWIrg2pu,5,60,2025-05-30T19:08:53Z,Minecraft
Raffale_,jpp,https://www.twitch.tv/raffale_/clip/BlueAnimatedToothWOOP-YahHHQ6-SA2J9-4c,5,26.4,2025-05-30T19:33:27Z,Minecraft
Raffale_,taff est une table askip,https://www.twitch.tv/raffale_/clip/EasyStrongTireGOWSkull-hOot_eelyzVEyAyt,5,14.6,2025-05-30T17:20:13Z,Minecraft
Raffale_,La dyslexie est à son prime,https://www.twitch.tv/raffale_/clip/MuddyStylishSalamanderDogFace-uIkUiZfGKE0xlHnI,5,39.9,2025-05-30T10:43:23Z,Minecraft
RASKA_yt,découverte des tableaux,https://www.twitch.tv/raska_yt/clip/BlitheSaltyDogeWholeWheat-b7QRN5ot7vZa0uAm,5,60,2025-05-30T15:59:46Z,Minecraft
byilhann,pet,https://www.twitch.tv/byilhann/clip/ApatheticMotionlessHedgehogSMOrc-1C_hF9oijtg4jgF4,3,5,2025-05-29T21:28:13Z,Just Chatting
Kaatsup,elle troll,https://www.twitch.tv/kaatsup/clip/LachrymoseDullAyeayeDancingBanana-P3QfEExuwamuwz_W,3,25.7,2025-05-29T20:42:11Z,Minecraft
Hctuan,GANG de  chien,https://www.twitch.tv/hctuan/clip/TalentedShortChickpeaRlyTho-v5eBfTA96ID8BEwC,3,30,2025-05-30T19:20:18Z,Minecraft
Hctuan,Samous est bloqué (rip),https://www.twitch.tv/hctuan/clip/ArborealTalentedPancakePeoplesChamp-t4NB3bEGEa9exuLO,3,43.3,2025-05-29T21:48:05Z,Minecraft
Hctuan,STEVE,https://www.twitch.tv/hctuan/clip/CrunchyPoorCarrotTinyFace-BHDKelz1-KgjCBlD,3,45.2,2025-05-30T00:49:28Z,Minecraft
Hctuan,ENCORE UN FLOP,https://www.twitch.tv/hctuan/clip/FreezingAdorableFennelChocolateRain-iwbMwjvJWtJYEY9I,3,47.4,2025-05-30T00:48:58Z,Minecraft
Hctuan,CrazyTown,https://www.twitch.tv/hctuan/clip/TallLuckyAlligatorMVGame-KP9RWqy8NQGnz18Y,3,30,2025-05-29T23:34:08Z,Minecraft
Zafeel,"Les chiens... (part 1, pov 1)",https://www.twitch.tv/zafeel/clip/CloudyOnerousCrowDoritosChip-GbuCYOPS9AXsj2EO,3,60,2025-05-30T19:25:30Z,Minecraft
Zafeel,"Les chiens... (part 4, pov 2 - big Zaf)",https://www.twitch.tv/zafeel/clip/DepressedFragileHareAMPEnergyCherry-FyF5habEVDiFOep5,3,60,2025-05-30T19:33:13Z,Minecraft
Zafeel,mais nan c'est moi,https://www.twitch.tv/zafeel/clip/CourteousResilientCodWTRuck-oOPMueh_0mlhb5pM,3,12,2025-05-30T18:09:38Z,Minecraft
Michou,LDC : Finale PSG - Inter Miami,https://www.twitch.tv/michou/clip/EnergeticAgreeableCroissantSmoocherZ-cx_67iB4sWkKgtDg,3,18.4,2025-05-30T18:56:01Z,Minecraft
Michou,kings league,https://www.twitch.tv/michou/clip/AffluentOilyYogurtPJSugar-Ahj_IjHPApN2LLzd,3,30,2025-05-30T18:59:01Z,Minecraft
Michou,crazy town,https://www.twitch.tv/michou/clip/PlacidPlumpWheelPeoplesChamp-PGH0ZepiBB6idQ_I,3,60,2025-05-30T19:23:46Z,Minecraft
Michou,hhhh,https://www.twitch.tv/michou/clip/SpicyPolishedBunnyBCWarrior-wgk-tzQUoVbK2LP9,3,19.3,2025-05-30T19:09:20Z,Minecraft
Michou,j'ai fait 2h de sieste je suis en forme !! (Crazy Town RP),https://www.twitch.tv/michou/clip/DirtyGrotesqueEggDansGame-9aBtF1L4lFXLXIlU,3,29.7,2025-05-30T18:56:26Z,Minecraft
Michou,mdr jpp,https://www.twitch.tv/michou/clip/DepressedImportantFinchM4xHeh-VcP9OaxQek055lD4,3,35.6,2025-05-30T19:31:25Z,Minecraft
Michou,c si drole,https://www.twitch.tv/michou/clip/GrotesqueDignifiedJellyfishSuperVinlin-UVaVaFmSyofqAvUl,3,9.3,2025-05-30T19:34:18Z,Minecraft
Nico_la,mousieur,https://www.twitch.tv/nico_la/clip/AliveMuddyRaccoonRiPepperonis-NwySBpJaZYvqa8Ue,3,30,2025-05-30T13:16:08Z,IRL
RASKA_yt,mission accomplie,https://www.twitch.tv/raska_yt/clip/FrozenObliviousOryxKappaRoss-UWPhvTg2_RfOIT3y,3,54,2025-05-30T16:13:25Z,Minecraft
RASKA_yt,ras krispy,https://www.twitch.tv/raska_yt/clip/LivelyTalentedWombatNinjaGrumpy-oPq9qD5x-4EvA77Y,3,35.1,2025-05-30T12:30:41Z,Minecraft
RASKA_yt,ouverture restau,https://www.twitch.tv/raska_yt/clip/AliveDaintyCiderPMSTwin-051wDVUhdZdwahTQ,3,46.7,2025-05-30T12:37:18Z,Minecraft
RASKA_yt,on a retrouver le voleur omg ???,https://www.twitch.tv/raska_yt/clip/VainAltruisticSowCeilingCat-pweZhmZ2zF7w5Bcb,3,60,2025-05-30T14:20:13Z,Minecraft
RASKA_yt,..,https://www.twitch.tv/raska_yt/clip/UnsightlyRudeCrabsCmonBruh-hiJPTO8zr-fMOiZv,3,48.5,2025-05-30T16:08:04Z,Minecraft
Kalevis_,pan mais pas trop quand même,https://www.twitch.tv/kalevis_/clip/CleverModernNewtPastaThat-HJH6UJtU6ZfZTT3v,3,30,2025-05-30T13:35:51Z,Minecraft
byilhann,byilhan lache un gros pet,https://www.twitch.tv/byilhann/clip/BoredFilthyOwlDogFace-tvs0YY5im2-BFyft,1,25.3,2025-05-29T22:28:29Z,Just Chatting
Kaatsup,0,https://www.twitch.tv/kaatsup/clip/BlatantAmusedGorillaPlanking-JrDZFuTRQx2oXUxe,1,60,2025-05-30T19:10:08Z,Minecraft
Kaatsup,oups,https://www.twitch.tv/kaatsup/clip/TalentedResilientFloofTwitchRPG-7rfzvm6P0rsGMFgB,1,30,2025-05-30T19:11:24Z,Minecraft
Kaatsup,le contexte,https://www.twitch.tv/kaatsup/clip/VictoriousSoftHawkHotPokket-pScw7n9jE3pSU3Vc,1,32.3,2025-05-30T19:52:18Z,Minecraft
Kaatsup,kaatsup l'appât,https://www.twitch.tv/kaatsup/clip/WimpyStormyNoodleFailFish-Huk5X42YA-KEjG8U,1,47.3,2025-05-30T19:06:56Z,Minecraft
Kaatsup,raid de NRJ officiel,https://www.twitch.tv/kaatsup/clip/SeductiveHungrySardineDeIlluminati-b17IXWl0MnznUSgk,1,60,2025-05-30T19:06:53Z,Minecraft
Kaatsup,...,https://www.twitch.tv/kaatsup/clip/SilkySpoopyMangetoutChocolateRain-c9wVurOYW2OJaMy8,1,56.8,2025-05-30T17:45:54Z,Minecraft
Kaatsup,cunfou,https://www.twitch.tv/kaatsup/clip/GrotesqueHeadstrongAlbatrossPanicVis-WDRb8bRfs92vhJYU,1,60,2025-05-30T19:01:46Z,Minecraft
Kaatsup,pour tiktok,https://www.twitch.tv/kaatsup/clip/BashfulJollyParrotJonCarnage-gXI9PVBfIXgNcyYI,1,58.8,2025-05-30T17:36:01Z,Minecraft
Kaatsup,tiktok,https://www.twitch.tv/kaatsup/clip/BombasticSarcasticNikudonEleGiggle-FQFrddZnNUCMRqiu,1,54.1,2025-05-30T17:41:05Z,Minecraft
Kaatsup,katsupp a rep a mon chat,https://www.twitch.tv/kaatsup/clip/ObservantJazzyKuduTakeNRG-e46F_Sk3MaOwTNdZ,1,30,2025-05-30T17:09:34Z,Minecraft
Kaatsup,elel est riche,https://www.twitch.tv/kaatsup/clip/SuaveResoluteButterflyMau5--ruWe-7mBp2-Df0R,1,18.6,2025-05-30T18:53:11Z,Minecraft
Kaatsup,kali prime,https://www.twitch.tv/kaatsup/clip/SoftPowerfulGrasshopperPRChase-KGhckRraw4qnKlAX,1,30,2025-05-30T18:40:35Z,Minecraft
Kaatsup,le crie de fou,https://www.twitch.tv/kaatsup/clip/AthleticCorrectHabaneroDatSheffy-268Tvt0D9ZkGnKqN,1,28,2025-05-30T16:47:34Z,Minecraft
Kaatsup,raska le voleur ?,https://www.twitch.tv/kaatsup/clip/IronicOptimisticRavenCclamChamp-5EwQByPl0hM4zdH_,1,60,2025-05-30T15:10:41Z,Minecraft
Zafeel,crazy town,https://www.twitch.tv/zafeel/clip/OriginalFrozenGullOhMyDog-z00LdMrtE6gkDClq,1,60,2025-05-30T20:23:38Z,Minecraft
Zafeel,TOUT CA,https://www.twitch.tv/zafeel/clip/TriumphantColdbloodedChowderDBstyle-C6MsPK464sgVJ88p,1,32.6,2025-05-30T20:25:35Z,Minecraft
Zafeel,trop mignon trop mignon,https://www.twitch.tv/zafeel/clip/AmazonianFantasticHornetPeanutButterJellyTime-rke-gI7381E2znzv,1,21.5,2025-05-30T18:18:50Z,Minecraft
Zafeel,JE ME FAIS UN BOUC MOUSTACHE PUIS CRAZYTOWN ‼️ !ct,https://www.twitch.tv/zafeel/clip/FilthyHelplessChipmunkRickroll-nUmaxVa_uZtjvj4y,1,10,2025-05-30T17:22:07Z,Just Chatting
Michou,mdr,https://www.twitch.tv/michou/clip/ColdbloodedAdorableElephantFreakinStinkin-N6NKwpaG3oQSTgNs,1,60,2025-05-30T19:14:03Z,Minecraft
Michou,j'ai fait 2h de sieste je suis en forme !! (Crazy Town RP),https://www.twitch.tv/michou/clip/ZanyFreezingArugulaBlargNaut-gX7IERh1sPNoS9Ln,1,29.7,2025-05-30T19:50:45Z,Minecraft
Michou,michou casse son micro et est énervé contre misterbeast,https://www.twitch.tv/michou/clip/CreativeBrightBubbleteaChocolateRain--x0ZdoSqLnuDLGIH,1,28.1,2025-05-30T20:25:40Z,Minecraft
Michou,Michou qui ne c est pul.utise son tel,https://www.twitch.tv/michou/clip/SpookyGorgeousCurryWow-VR-krzM1bYQWBumO,1,30,2025-05-30T20:08:33Z,Minecraft
Nico_la,nicoo,https://www.twitch.tv/nico_la/clip/FunnyProudBorkNerfBlueBlaster-Eui4qmsOG8cnorE_,1,11.2,2025-05-29T20:43:46Z,IRL
Nico_la,🫵🏻,https://www.twitch.tv/nico_la/clip/DreamyObliviousClintTBTacoLeft-fVxQJ_5kGgUfYBxU,1,17.3,2025-05-29T20:40:49Z,IRL
Nico_la,moussier sufoc,https://www.twitch.tv/nico_la/clip/AttractiveGiftedCarabeefOpieOP-IDtX2_oHTp8mjJnb,1,30,2025-05-29T22:19:09Z,Minecraft
RASKA_yt,..,https://www.twitch.tv/raska_yt/clip/PlacidCoyHamsterVoHiYo-QK2Y6k9pXNivur8N,1,50.6,2025-05-30T12:39:48Z,Minecraft
RASKA_yt,musée,https://www.twitch.tv/raska_yt/clip/RamshackleResilientSangVoHiYo-7g-ki2GVydZoc-yK,1,41.1,2025-05-30T15:33:46Z,Minecraft
RASKA_yt,qui est le voleur ?,https://www.twitch.tv/raska_yt/clip/StupidComfortableSrirachaFrankerZ-Hukj2Qk_ADo8oI8L,1,60,2025-05-30T15:37:56Z,Minecraft
Posuu,Petite crise émotionnelle,https://www.twitch.tv/posuu/clip/PlausibleViscousAntelopeFUNgineer-nYl76clQ6pzYiZh0,1,26.8,2025-05-30T19:06:16Z,Minecraft
Posuu,le neuille se transforme,https://www.twitch.tv/posuu/clip/CrazyFuriousDotterelTwitchRPG-sepcCNdKIMbVEGAI,1,44,2025-05-30T19:15:30Z,Minecraft
Posuu,ghghyky,https://www.twitch.tv/posuu/clip/AliveIcyMarrowShadyLulu-xmGsokbM9oJv3x7b,1,59.4,2025-05-30T19:22:51Z,Minecraft
Posuu,Il a du mal votre pote...,https://www.twitch.tv/posuu/clip/PiliableHotCakeYouWHY-MdCdTtm6Nsk2xzWh,1,26.6,2025-05-30T19:01:13Z,Minecraft
